store_id,13FORGOSKCZT,17IWT6UXSUNY,1ZE76I256ORN,1ZIJ3VQCTHCY,2HZGMGX9CH7B,4D6E6Q26DR5Y,4ETHFRENRPHZ,4Q0TKXQH68DU,4RBAQAZ22QPK,4RZH2TZIYXIC,50EDQAQZTZE9,5DXCZPT4SHCX,5H2QX4ATI1DJ,6LWJFDBEY9VO
10,1,1,1,1,1,,1,1,,1,1,,1,1
1004,,1,,1,,,,,,,1,,,1
1005,,1,,1,,,,,,,1,,,1
1007,,1,,,,,,,,,,,,1
1008,,1,,1,,,,,,,1,,,1
1012,,1,,1,,,,,,,1,,,1
1013,,1,,1,,,,,,,1,,,1
1014,,1,,1,,,,,,,,,,
1015,,1,,1,,,,,,,1,,,1
1017,,1,,1,,,,,,,1,,,1
1023,,1,,1,,,,,,,1,,,1
1025,,1,,1,,,,,,,1,,,1
1026,,,,1,,,,,,,1,,,
1032,,1,,1,,,,,,,1,,,1
1033,,1,,1,,,,,,,1,,,1
1037,,1,,1,,,,,,,1,,,1
1039,,1,,,,,,,,,1,,,1
1044,,,,1,,,,,,,1,,,
1047,,1,,1,,,,,,,1,,,1
105,1,,1,,1,,1,1,,1,,,1,
1052,,1,,1,,,,,,,1,,,1
1058,,,,1,,,,,,,1,,,1
1062,,1,,1,,,,,,,1,,,1
1064,,1,,1,,,,,,,1,,,1
107,,1,,1,,,,,,,1,,,1
1071,,1,,1,,,,,,,1,,,1
1072,,1,,,,,,,,,1,,,1
1074,1,,1,,1,,1,1,,1,,,1,
1080,,1,,1,,,,,,,1,,,1
1081,1,,1,,1,,1,1,,1,,,1,
109,,1,,1,,,,,,,1,,,1
1091,,1,,1,,,,,,,1,,,1
1093,,1,,1,,,,,,,1,,,1
1094,,,,1,,,,,,,1,,,1
1095,,1,,1,,,,,,,1,,,1
1099,,1,,1,,,,,,,1,,,1
1102,,1,,1,,,,,,,,,,1
1103,,,,1,,,,,,,1,,,1
1104,,1,,1,,,,,,,1,,,1
1111,,1,,1,,,,,,,1,,,1
1113,,1,,1,,,,,,,1,,,1
1114,,,,1,,,,,,,1,,,1
112,,1,,1,,,,,,,1,,,1
1120,,1,,1,,,,,,,,,,
1122,,1,,1,,,,,,,,,,1
1123,,,,,,,,,,,1,,,1
1125,,1,,1,,,,,,,1,,,1
1130,,1,,,,,,,,,1,,,
1135,,1,,1,,1,,,1,,1,,,1
1137,,1,,1,,,,,,,1,,,1
1138,1,1,1,1,1,,,1,,1,1,,1,1
1139,,1,,1,,,,,,,1,,,1
114,,1,,1,,,,,,,,,,1
1140,,1,,1,,,,,,,1,,,1
1142,,,,1,,,,,,,1,,,
1143,,1,,1,,,,,,,1,,,1
1144,,1,,1,,,,,,,1,,,
1146,,1,,1,,,,,,,1,,,1
1148,1,,1,,,,1,1,,1,,,1,
115,,1,,1,,,,,,,,,,1
1150,,1,,1,,,,,,,1,,,1
1153,,1,,1,,,,,,,1,,,1
1154,,1,,1,,,,,,,1,,,1
1157,,1,,1,,,,,,,1,,,1
1158,,1,,1,,,,,,,1,,,1
1160,,1,,1,,,,,,,1,,,1
1161,,1,,1,,,,,,,1,,,1
1164,,1,,1,,,,,,,1,,,1
1165,,1,,1,,,,,,,1,,,1
1171,,1,,1,,,,,,,1,,,1
1172,,1,,1,,,,,,,1,,,1
1176,,1,,1,,,,,,,1,,,1
1179,,1,,1,,,,,,,1,,,1
118,,1,,1,,,,,,,,,,1
1181,,1,,1,,,,,,,1,,,1
1182,,1,,1,,,,,,,1,,,1
1184,,1,,1,1,,1,1,,1,1,,1,1
1187,,1,,1,,,,,,,1,,,1
119,1,,1,,1,,1,1,,1,,,1,
1193,,1,,1,,,,,,,1,,,1
1196,,1,,1,,,,,,,1,,,1
1197,,1,,,,,,,,,1,,,1
120,,1,,1,,,,,,,1,,,1
1200,,,,1,,,,,,,1,,,1
1201,,1,,1,,,,,,,1,,,1
1203,,1,,1,,,,,,,1,,,1
1207,,1,,1,,,,,,,1,,,1
1209,,1,,,,,,,,,1,,,1
1210,,1,,1,,,,,,,1,,,1
1211,,1,,,,,,,,,,,,
1216,,1,,1,,,,,,,1,,,
1217,,1,,,,,,,,,1,,,1
1221,,1,,1,,,,,,,1,,,1
1222,,1,,1,,,,,,,1,,,1
1223,,1,,1,,,,,,,1,,,1
1224,,1,,1,,,,,,,1,,,1
1225,,1,,1,,,,,,,1,,,1
1227,,1,,1,,,,,,,,,,1
1233,,1,,1,,,,,,,1,,,1
1236,,1,,1,,,,,,,1,,,1
1237,,1,,1,,,,,,,,,,
1239,,1,,1,,,,,,,1,,,1
1241,1,,1,,1,,1,1,,1,,,1,
1243,,1,,1,,,,,,,1,,,1
1244,,1,,,,,,,,,1,,,1
1247,,1,,1,,,,,,,1,,,1
1248,,1,,1,,,,,,,1,,,1
1249,,1,,1,,,,,,,1,,,1
125,,1,,1,,,,,,,1,,,1
1253,,1,,1,,,,,,,1,,,1
1254,,,,1,,,,,,,1,,,1
1256,,1,,1,,,,,,,1,,,1
126,,1,,1,,,,,,,1,,,1
1261,1,1,1,1,1,,1,1,,1,1,,1,1
1263,,1,,1,,,,,,,1,,,1
1270,,1,,1,,,,,,,1,,,1
1271,,1,,1,,,,,,,1,,,1
1272,,1,,1,,,,,,,1,,,1
1279,,1,,,,,,,,,,,,1
128,,1,,1,,,,,,,1,,,1
1280,,1,,1,,,,,,,1,,,1
1283,,1,,1,,,,,,,1,,,1
1286,,,,,,,,,,,1,,,
1288,,1,,1,,,,,,,1,,,1
1291,,,,1,,,,,,,1,,,
1292,,1,,,,,,,,,1,,,1
1294,,1,,1,,,,,,,1,,,1
1297,,1,,,,,,,,,1,,,1
1300,,,,,,,,,,,1,,,
1302,,1,,1,,,,,,,1,,,1
1303,,1,,,,,,,,,1,,,1
1306,,1,,1,,,,,,,1,,,1
1307,,1,,1,,,,,,,1,,,
1309,,1,,,,,,,,,1,,,1
1310,,1,,1,,,,,,,1,,,1
1313,,1,,1,,,,,,,1,,,1
1314,,,,1,,,,,,,1,,,
1318,,1,,1,,,,,,,1,,,1
1320,,1,,1,,,,,,,1,,,1
1327,,1,,1,,,,,,,1,,,1
1328,,1,,1,,,,,,,1,,,1
1330,,1,,1,,,,,,,1,,,1
1332,,1,,1,,,,,,,1,,,1
1333,,1,,1,,,,,,,1,,,1
1337,,1,,1,,,,,,,1,,,1
1339,,1,,1,,,,,,,1,,,1
134,,1,,1,,,,,,,1,,,1
1340,,,,,,,,,,,,,,1
1341,,1,,1,,,,,,,1,,,1
1344,,1,,,,,,,,,1,,,1
1350,1,1,1,1,1,,1,1,,1,1,,1,1
1352,,1,,1,,,,,,,1,,,1
1353,,,,1,,,,,,,,,,1
1354,,1,,1,,,,,,,1,,,
1360,,1,,,,,,,,,1,,,1
1361,1,1,1,1,,,1,1,,1,1,,1,1
1362,,1,,1,,,,,,,1,,,1
1363,,1,,1,,,,,,,1,,,1
1366,,1,,1,,,,,,,,,,1
1367,,1,,1,,,,,,,1,,,1
137,,1,,1,,,,,,,1,,,1
1370,,1,,1,,,,,,,1,,,1
1372,1,1,1,1,1,,1,1,,1,1,,1,1
1374,,1,,1,,,,,,,1,,,1
1379,,1,,1,,,,,,,1,,,1
138,,1,,1,,,,,,,1,,,1
1384,,1,,1,,,,,,,1,,,1
1385,,1,,1,,,,,,,1,,,
1386,,1,,,,,,,,,1,,,1
1387,1,,1,,1,,1,1,,1,,,,
1388,,1,,1,,,,,,,1,,,1
1389,,1,,1,,,,,,,1,,,
139,,1,,1,,,,,,,1,,,1
1391,,1,,1,,,,,,,1,,,1
1392,1,,1,,1,,1,1,,1,,,1,
1395,,1,,1,,,,,,,1,,,1
14,,1,,1,,,,,,,,,,1
140,,1,,1,,,,,,,1,,,1
1403,,1,,1,,,,,,,1,,,1
1406,,1,,1,,,,,,,1,,,1
1407,,1,,1,,,,,,,,,,1
1408,,1,,,,,,,,,1,,,1
141,,1,,1,,,,,,,1,,,1
1412,,1,,,,,,,,,1,,,1
1415,,1,,1,,,,,,,1,,,1
1418,,1,,1,,,,,,,1,,,1
1422,,1,,1,,,,,,,1,,,1
1423,,1,,1,,,,,,,1,,,1
1426,,1,,1,,,,,,,1,,,
1427,,1,,1,,,,,,,1,,,1
1428,,1,,1,,,,,,,1,,,1
1429,,,,,,,,,,,,,,1
143,,1,,1,,,,,,,1,,,1
1430,,1,,1,,,,,,,1,,,1
1432,,1,,1,,,,,,,,,,1
1433,,1,,1,,,,,,,1,,,1
1434,,1,,1,,,,,,,1,,,1
1435,,1,,1,,,,,,,1,,,1
1437,,1,,1,,,,,,,1,,,1
1441,,1,,1,,,,,,,,,,1
1444,,1,,1,,,,,,,1,,,1
1445,,1,,1,,,,,,,1,,,1
1448,,1,,1,,,,,,,1,,,1
1449,,1,,1,,,,,,,1,,,1
1453,,1,,1,,,,,,,1,,,1
1454,,1,,1,,,,,,,1,,,1
1457,,,,1,,,,,,,1,,,
1461,,1,,1,,,,,,,1,,,1
1468,,1,,1,,,,,,,1,,,1
147,,1,,1,1,,,,,,,,,1
1470,,1,,1,,,,,,,1,,,1
1472,,1,,,,,,,,,1,,,1
1473,,1,,1,,,,,,,1,,,1
1474,,1,,1,,,,,,,1,,,1
1479,,1,,1,,,,,,,1,,,1
1483,,1,,1,,,,,,,,,,1
1487,,1,,,,,,,,,,,,
1489,,,,1,,,,,,,1,,,1
1490,,1,,1,,,,,,,1,,,1
1491,,1,,1,,,,,,,1,,,1
1494,,1,,1,,,,,,,1,,,1
1495,,1,,1,,,,,,,,,,1
15,,1,,1,,,,,,,1,,,1
1500,1,1,1,1,1,,1,1,,1,1,,1,1
1501,,1,,1,,,,,,,1,,,1
1503,1,1,1,1,1,,1,1,,,,,,1
1505,1,1,1,1,1,,1,1,,1,1,,1,1
1507,1,1,1,1,1,,1,1,,1,1,,1,1
151,,1,,1,,,,,,,1,,,1
1510,,1,,1,,,,,,,1,,,1
1511,,1,,,,,,,,,1,,,1
1515,,1,,1,,,,,,,,,,1
1521,,,,1,,,,,,,1,,,1
1523,,,,,,,,,,,1,,,1
1531,,1,,1,,,,,,,1,,,1
1533,,1,,,,,,,,,,,,1
1534,1,,1,,1,,1,1,,1,,,1,
1535,,1,,1,,,,,,,1,,,1
1536,1,,1,1,1,,,1,,,1,,1,1
1538,,1,,1,,,,,,,,,,1
154,,1,,1,,,,,,,1,,,1
1542,,1,,1,,,,,,,1,,,1
1545,,1,,1,,,,,,,1,,,1
1547,1,1,1,1,1,,1,1,,1,1,,1,1
1549,,1,,1,,,,,,,1,,,1
155,,1,,1,,,,,,,1,,,1
1553,1,,1,,,,1,1,,1,,,1,
1556,1,1,,1,1,,,1,,,1,,,1
1558,,1,,1,,,,,,,1,,,1
1559,1,1,1,1,1,,1,1,,1,1,,1,
1564,,1,,,,,,,,,1,,,1
1565,1,1,1,1,1,,1,1,,1,1,,1,1
1567,,1,,1,,,,,,,1,,,1
1568,,1,,1,,,,,,,1,,,1
157,1,,1,,1,,1,1,,1,,,1,
1571,,1,,1,,,,,,,1,,,1
1572,,1,,1,,,,,,,1,,,1
1574,,1,,1,,,,,,,1,,,1
1576,1,1,1,1,1,,1,1,,1,1,,1,1
1578,,,1,,,,,,,,,,1,1
1579,,1,,1,,,,,,,1,,,1
1580,,1,,1,,,,,,,1,,,1
1581,,1,,1,,,,,,,1,,,1
1584,1,1,1,1,1,,1,1,,1,1,,1,1
1585,1,1,1,1,1,,1,1,,1,1,,1,1
159,,1,,1,,,,,,,1,,,1
1596,1,1,,1,1,,,1,,,1,,,1
1597,,1,,1,,,,,,,1,,,1
16,,1,,1,,,,,,,1,,,1
1600,,1,,1,,,,,,,1,,,1
1604,,1,,,,,,,,,1,,,1
1607,,1,,1,,,,,,,1,,,1
1608,,1,,1,,,,,,,1,,,1
161,,1,,1,,,,,,,1,,,1
1610,,1,,1,,,,,,,1,,,1
1614,,1,,1,,,,,,,1,,,1
1617,1,1,1,1,1,,1,1,,1,1,,1,1
1620,,1,,,,,,,,,1,,,1
1627,,1,,1,,,,,,,1,,,1
1628,,1,,1,,,,,,,,,,1
1629,,1,,1,,,,,,,1,,,1
1631,,1,,1,,,,,,,1,,,1
1634,,1,,1,,,,,,,1,,,1
1638,,1,,1,,,,,,,1,,,1
164,,1,,1,,,,,,,1,,,1
1641,,1,,1,,,,,,,1,,,1
1645,,1,,1,,,,,,,1,,,1
1648,,,,1,,,,,,,1,,,1
1652,,1,,1,,,,,,,1,,,1
1655,,1,,1,,,,,,,1,,,1
1657,,1,,1,,,,,,,1,,,1
1663,,1,,1,,,,,,,1,,,1
1667,,1,,1,,,,,,,1,,,1
1671,1,1,1,1,1,,1,1,,1,1,,1,1
1672,,1,,1,,,,,,,1,,,1
1677,1,,1,,1,,1,1,,1,,,1,
1678,,1,,1,,,,,,,1,,,
1679,,1,,1,,,,,,,1,,,1
1687,,1,1,1,1,,1,1,,,,,1,1
1688,,1,,1,,,,,,,,,,1
1699,,1,,1,,,,,,,1,,,1
17,,1,,,,,,,,,1,,,
1700,,1,,,,,,,,,,,,
1701,,1,,1,,,,,,,1,,,1
1703,,1,,1,,,,,,,1,,,1
1711,,,,1,,,,,,,1,,,1
1712,,1,,1,,,,,,,1,,,
1714,,1,,1,,,,,,,1,,,1
1715,,1,,1,,,,,,,1,,,1
1718,,,,1,,,,,,,1,,,
1722,,,,1,,,,,,,1,,,1
1723,,1,,1,,,,,,,1,,,1
1725,,1,,,,,,,,,1,,,
1732,,1,,1,,,,,,,1,,,1
1734,,1,,1,,,,,,,1,,,1
1736,,1,,1,,,,,,,,,,1
1739,,1,,1,,,,,,,1,,,1
1740,,1,,1,,,,,,,1,,,1
1742,1,1,1,1,1,,1,1,,1,1,,1,1
1745,1,,1,,1,,1,1,,1,,,1,
1746,1,1,1,1,1,,1,1,,1,1,,1,1
1747,,1,,1,,,,,,,1,,,1
175,,,,1,,,,,,,1,,,1
1755,,1,,1,,,,,,,1,,,1
1763,,1,,1,,,,,,,1,,,1
1764,,1,,1,,,,,,,1,,,1
1767,,1,,1,,,,,,,1,,,1
1768,1,1,1,1,1,,1,1,,1,1,,1,
1769,1,1,1,1,1,,1,1,,1,1,,1,1
177,,1,,1,,,,,,,1,,,
1770,1,1,1,1,,,1,1,,1,1,,1,1
1772,1,,1,,1,,1,1,,1,,,1,
1773,1,1,1,1,1,,1,1,,1,1,,1,1
1776,,1,,,,,,,,,1,,,1
1783,,1,,1,,,,,,,1,,,1
1784,,1,,1,,,,,,,1,,,1
1785,,1,,1,,,,,,,1,,,1
1787,,1,,1,,,,,,,1,,,1
1797,,1,,1,,,,,,,1,,,1
1798,,1,,1,,,,,,,1,,,1
18,,1,,1,,,,,,,1,,,1
1800,,1,,1,,,,,,,1,,,1
1801,1,1,1,1,1,,1,1,,1,,,1,1
1803,,1,,1,,,,,,,1,,,1
1805,,1,,1,,,,,,,1,,,1
1807,,1,,1,,,,,,,1,,,1
181,,1,,1,,,,,,,1,,,1
1810,,1,,1,,,,,,,1,,,1
1814,,1,,1,,,,,,,1,,,1
1816,,1,,1,,,,,,,1,,,1
1826,,1,,1,,,,,,,1,,,1
1828,,1,,,,,,,,,1,,,1
1832,,1,,1,,,,,,,1,,,1
1833,,1,,1,,,,,,,1,,,1
1836,,1,,1,,,,,,,1,,,
1839,,1,,,,,,,,,1,,,
184,,1,,1,,,,,,,1,,,
1842,,,,,1,,,1,,,1,,1,
185,,1,,1,,,,,,,1,,,1
1850,,1,,1,,,,,,,1,,,1
1856,1,1,1,1,1,,1,1,,1,1,,1,1
1857,1,1,1,1,1,,1,1,,1,1,,1,1
1859,1,,1,,1,,1,1,,1,,,1,
1862,,1,,1,,,,,,,1,,,1
1869,,1,,,,,,,,,,,,
1871,1,1,1,1,1,,1,1,,1,1,,1,1
1872,,1,,1,,,,,,,1,,,
1880,,1,,1,,,,,,,1,,,1
1883,,1,,1,,,,,,,1,,,1
1884,1,1,1,1,1,,1,1,,1,1,,1,1
1885,,1,,1,,,,,,,1,,,1
1886,,1,,1,,,,,,,1,,,1
1888,,1,,1,,,,,,,1,,,1
1889,,,,,,,,,,,1,,,
1890,,1,,1,,,,,,,1,,,1
1893,,1,,1,,,,,,,1,,,1
1894,,1,,1,,,,,,,1,,,1
19,1,,1,,1,,1,1,,1,,,1,
1900,,1,,1,,,,,,,,,,1
1901,,1,,1,,,,,,,1,,,1
1906,,1,,1,,,,,,,,,,
1911,,1,,1,,,,,,,,,,1
1913,,1,,1,,,,,,,1,,,1
1914,,,,1,,,,,,,1,,,
1915,1,1,1,1,1,,1,1,,1,1,,1,1
1918,1,1,1,1,1,,1,1,,1,1,,1,
192,,1,,1,,,,,,,1,,,1
1922,1,1,1,,1,,1,1,,1,,,1,1
1923,,1,,1,,,,,,,1,,,1
1926,,1,,1,,,,,,,1,,,1
1927,,1,,1,,,,,,,,,,1
1929,1,1,1,1,1,,1,1,,1,1,,1,1
1931,,1,,1,,,,,,,1,,,1
1932,,1,,1,,,,,,,1,,,1
1933,1,1,1,1,1,,1,1,,1,1,,1,1
1936,,1,,1,,,,,,,1,,,1
1938,,1,,1,,,,,,,1,,,1
194,1,1,1,1,1,,1,1,,1,1,,1,1
1940,,1,,1,,,,,,,1,,,1
1941,,1,,1,,,,,,,1,,,1
1942,,1,,1,,,,,,,1,,,1
1943,,1,,1,,,,,,,1,,,1
1946,,1,,1,,,,,,,1,,,1
1949,,1,,1,,,,,,,1,,,1
195,,1,,1,,,,,,,1,,,1
1953,,1,,1,,,,,,,1,,,1
1955,,1,,1,,,,,,,1,,,1
1956,1,,1,,1,,1,1,,1,,,1,
1959,,1,,1,,,,,,,1,,,1
196,,1,,1,,,,,,,1,,,1
1960,,1,,1,,,,,,,1,,,
1961,,1,,1,,,,,,,,,,1
1966,,,,1,,,,,,,,,,
1968,,1,,1,,,,,,,1,,,1
1969,,,,,,,,,,,1,,,1
197,,1,,1,,,,,,,1,,,1
1971,,,,,,,,,,,1,,,
1973,,1,,1,,,,,,,1,,,1
1975,,1,,1,,,,,,,1,,,1
1976,,1,,1,,,,,,,1,,,1
1979,,1,,1,,,,,,,1,,,1
198,,1,,1,,,,,,,1,,,1
1981,,1,,1,,,,,,,1,,,1
1982,1,1,1,1,1,,1,1,,1,1,,1,1
1983,1,,1,,1,,1,1,,1,,,1,
1985,,1,,1,,,,,,,1,,,1
1986,,1,,1,,,,,,,1,,,1
1987,,1,,1,,,,,,,,,,1
1994,,1,,1,,,,,,,,,,1
1995,,1,,1,,,,,,,1,,,1
1997,,1,,1,,,,,,,1,,,1
20,,1,,1,,,,,,,1,,,1
200,,,,1,,,,,,,1,,,1
2001,,1,,1,,,,,,,,,,1
2003,,,,,,,,,,,1,,,
2004,,1,,1,,,,,,,1,,,1
2006,1,1,1,1,1,,1,1,,1,1,,1,1
2008,,1,,1,,,,,,,1,,,1
2009,,1,,1,,,,,,,1,,,1
2010,,1,,1,,,,,,,1,,,1
2013,,1,,1,,,,,,,1,,,1
2014,,1,,1,,,,,,,1,,,1
2016,,1,,1,,,,,,,1,,,1
2019,,1,,1,,,,,,,1,,,1
2021,1,1,1,1,1,,1,,,1,,,1,
2023,,1,,1,,,,,,,1,,,1
2024,,1,,1,,,,,,,1,,,1
2026,1,,1,,,,,1,,1,,,1,
2027,,1,,1,,,,,,,,,,1
203,,1,,1,,,,,,,1,,,1
2031,,1,,1,,,,,,,1,,,1
2038,,,,1,,,,,,,,,,
204,,1,,1,,,,,,,1,,,1
2040,,1,,,,,,,,,1,,,1
2046,1,1,,1,1,,1,1,,1,1,,1,1
2047,1,,,,,,,,,,,,1,
2050,,1,,1,,,,,,,1,,,1
2052,,1,,1,,,,,,,1,,,1
2054,,,,,,,,,,,1,,,1
2055,,1,,1,,,,,,,1,,,1
2058,,1,,1,,,,,,,1,,,1
2061,,1,,1,,,,,,,,,,1
2063,,,,1,,,,,,,,,,1
2066,,1,,,,,,,,,,,,1
2067,,1,,1,,,,,,,1,,,1
2069,1,1,1,1,1,,1,1,,1,1,,1,1
2073,,,,1,,,,,,,1,,,1
2074,,1,,1,,,,,,,1,,,1
2075,,1,,1,,,,,,,1,,,1
2077,,,,1,,,,,,,1,,,
2078,,1,,1,,,,,,,1,,,1
2079,1,1,1,1,1,,1,1,,1,1,,1,1
2080,1,,1,,1,,1,1,,,,,1,
2081,1,,1,1,,,1,1,,1,,,1,
2083,,1,,1,,,,,,,1,,,1
2084,,1,,1,,,,,,,1,,,1
2093,,1,,1,,,,,,,1,,,1
2099,,1,,1,,,,,,,1,,,1
21,,1,,1,,,,,,,1,,,1
2101,1,1,,1,,,,,,,1,,,1
2102,,1,,1,,,,,,,1,,,1
2103,,1,,1,,,,,,,1,,,1
2104,,1,,1,,,,,,,1,,,1
2105,1,1,1,1,1,,1,1,,1,1,,1,1
2106,,1,,1,,,,,,,1,,,1
2107,,1,,1,,,,,,,1,,,
2108,1,1,1,1,,,1,1,,1,1,,1,1
211,,1,,1,,,,,,,1,,,1
2111,,1,,1,,,,,,,1,,,1
2112,,1,,1,,,,,,,1,,,
2115,,1,,1,,,,,,,1,,,1
212,1,1,,1,,,1,1,,1,1,,,1
2120,,1,,1,,,,,,,1,,,1
213,,1,,1,,,,,,,1,,,1
2131,,1,,1,,,,,,,1,,,1
2144,,,,,,,,,,,,1,,
216,1,,1,,1,,1,1,,1,,,1,
217,1,,1,,1,,1,1,,1,,,1,
2170,,,,,,,,,,,1,,,
2177,,1,,1,,,,,,,1,,,1
2184,,1,,1,,,,,,,1,,,1
2193,1,,1,,1,,1,1,,1,,,1,
2196,,1,,1,,,,,,,1,,,1
2197,,,,,,,,1,,,,,,
220,1,,1,,1,,1,1,,1,,,1,
2200,,1,,1,,,,,,,1,,,1
2204,1,,1,,1,,1,1,,1,,,1,
2208,1,,1,,1,,1,1,,1,,,1,
2232,,1,,1,,,,,,,1,,,1
2238,,1,,1,,,,,,,1,,,1
224,,1,,1,,,,,,,1,,,1
2242,1,,1,,1,,1,1,,1,,,1,
2243,1,,1,,1,,1,1,,1,,,1,
2255,1,,1,,1,,1,1,,1,,,1,
226,,1,,1,,,,,,,1,,,1
2278,1,,1,,1,,1,1,,1,,,1,
2288,1,,1,,1,,1,1,,1,,,1,1
2297,,1,,1,,,,,,,1,,,
2318,1,,1,,1,,1,1,,1,,,1,
2323,,,1,,,,,1,,,,,,
233,,1,,1,,,,,,,1,,,1
234,,1,,1,,,,,,,,,,1
2362,,,,,1,,,,,1,,,,
238,,1,,1,,,,,,,1,,,1
2387,1,,1,,,,,1,,1,,,1,
2418,,1,,1,,,,,,,1,,,1
2424,,1,,,,,,,,,,,,
2429,1,,1,,1,,1,1,,1,,,1,
2441,,,1,,,,,1,,1,,,1,1
2460,,,,1,,,,,,,1,,,1
248,,1,,1,,,,,,,1,,,1
2491,,1,,1,,,,,,,1,,,1
25,,1,,1,,,,,,,1,,,1
2505,,,,1,,,,,,,,,,
251,,1,,1,,,,,,,1,,,1
2516,1,,1,,1,,1,1,,,,,1,
2531,,1,,1,,,,,,,1,,,1
254,,1,,1,,,,,,,1,,,1
2553,,1,,1,,,,,,,1,,,1
2576,1,,1,,1,,1,1,,1,,,1,
2593,,,1,,1,,1,1,,1,,,1,
260,1,1,1,1,1,,1,1,,1,1,,1,1
2621,1,,1,,1,,1,1,,1,,,1,
2626,,1,,,,,,,,,,,,
2628,,,,,,,,,,,1,,,
2631,,1,,1,,,,,,,1,,,1
2633,1,,1,,1,,1,1,,1,,,1,
2647,,1,,1,,,,,,,1,,,1
2648,1,,1,,1,,1,1,,1,,,1,1
265,,1,,1,,,,,,,1,,,1
2651,1,,,,1,,1,1,,1,,,1,
2683,,1,,1,,,,,,,1,,,1
269,,1,,1,,,,,,,1,,,1
2695,1,,1,,1,,1,1,,1,,,1,
27,,1,,1,,,,,,,1,,,1
2703,,,,,,,,,,,,,,1
2713,,,,,,,,,,,,,,1
2714,1,,1,,1,,1,1,,1,,,1,
2715,,,,1,,,,,,,,,,1
2734,1,,1,,,,1,1,,1,,,,
2769,,,,,,,,,,,,,1,
279,,1,,1,,,,,,,1,,,1
2814,1,1,1,,1,,1,1,,1,,,1,
2815,1,,1,,1,,1,1,,1,,,1,
282,,1,,1,,,,,,,,,,1
284,1,,1,,1,,1,1,,1,,,1,
286,,1,,1,,,,,,,1,,,
2884,1,,1,,1,,1,1,,1,,,1,
2899,,1,,1,,,,,,,1,,,1
29,1,1,1,1,1,,1,1,,1,1,,1,1
2900,,1,,,,,,,,,1,,,
2905,,1,,1,,,,,,,1,,,1
2914,1,,1,,1,,1,1,,1,,,1,
2958,1,,1,,1,,1,1,,1,,,1,
299,1,1,1,1,1,,1,1,,,1,,1,1
2990,1,,1,,1,,1,1,,1,,,1,
2991,1,,1,,,,1,1,,,,,,
30,,1,,1,,,,,,,1,,,1
300,,1,,1,,,,,,,1,,,1
3004,1,,1,,1,,1,1,,1,,,1,
302,,1,,1,,,,,,,1,,,1
304,,1,,1,,,,,,,1,,,1
305,,1,,1,,,,,,,1,,,1
3055,,1,,1,,,,,,,1,,,1
310,,1,,1,,,,,,,,,,1
3129,,,,1,,,,,,,1,,,
315,,1,,1,,,,,,,1,,,1
318,,1,,1,,,,,,,1,,,1
3180,1,,1,,1,,1,1,,1,,,1,
319,,1,,1,,,,,,,,,,1
3225,1,,1,,1,,1,1,,1,,,1,
3243,,1,,1,,,,,,,1,,,1
3251,1,,1,,1,,1,1,,1,,,1,
3252,,,,1,,,,,,,,,,1
3259,1,,1,,1,,1,1,,1,,,1,
3261,1,,1,,1,,1,1,,1,,,1,
3265,1,,1,,1,,1,1,,1,,,1,
3284,,,,,,,,,,1,,,,
3288,1,,1,,1,,1,,,1,,,1,
329,,1,,1,,,,,,,1,,,1
3292,,1,,1,,,,,,,1,,,
3293,1,,1,,1,,1,,,1,,,1,
3331,1,,1,,1,,1,1,,1,,,1,
335,,,,,,,1,,,,,,,
340,,1,,1,,,,,,,1,,,1
3418,1,,1,,1,,1,1,,1,,,1,
342,,1,,1,,,,,,,,,,1
343,,1,,,,,,,,,,,,
344,,1,,1,,,,,,,1,,,1
3493,1,1,1,1,,,1,1,,1,1,,1,1
35,,1,,1,,,,,,,1,,,1
350,,1,,1,,,,,,,1,,,1
3500,1,,1,,1,,1,1,,1,,,1,
3511,1,,1,,1,,1,1,,1,,,1,
3528,,1,,,,,,,,,1,,,1
3537,1,,1,,1,,1,1,,1,,,1,
3549,,1,,1,,,,,,,1,,,1
355,1,1,1,1,1,,1,1,,1,1,,1,1
356,,1,,1,,,,,,,1,,,1
3563,,1,,1,,,,,,,1,,,1
357,,1,,,,,,,,,,,,1
3588,,1,,,,,,,,,1,,,
3595,,,,,1,,,,,,,,,
361,,1,,,,,,,,,,,,1
3625,,,1,,,,,,,,,,,
3627,,,,,,,,1,,1,,,,
365,,1,,1,,,,,,,1,,,1
366,,1,,1,,,,,,,1,,,1
369,,1,,,,,,,,,1,,,1
37,1,1,1,1,1,,1,1,,1,1,,1,1
3709,,,,,1,,1,1,,1,,,1,
371,1,,,,1,,1,1,,1,,,1,
372,,1,,1,,,,,,,1,,,1
3722,,,1,,,,,1,,,,,,
3731,1,1,1,,1,,1,1,,,1,,1,
3761,,1,,,,,,,,,,,,
3786,,1,,,,,,,,,,,,
382,,1,,1,,,,,,,1,,,1
3825,1,,1,,1,,1,1,,1,,,1,
3829,,1,,,,,,,,,,,,
384,,1,,1,,,,,,,1,,,1
3857,1,,1,,1,,1,1,,1,,,1,
388,,1,,1,,,,,,,1,,,1
3883,,1,,1,,,,,,,1,,,1
3887,,,,1,,,,,,,1,,,
389,,1,,1,,,,,,,1,,,1
3891,1,,1,,,,1,1,,1,,,1,
3894,1,,1,,1,,1,1,,1,,,1,
390,,1,,1,,,,,,,1,,,1
394,,1,,1,,,,,,,1,,,1
395,,1,,,,,,,,,1,,,1
397,,1,,1,,,,,,,1,,,1
398,,1,,1,,,,,,,1,,,1
400,,1,,1,,,,,,,1,,,1
401,1,,,1,,,,,,,1,,,1
402,,1,,1,,,,,,,1,,,1
404,1,1,1,1,1,,1,1,,1,1,,1,1
405,1,1,1,1,1,,1,1,,1,1,,1,1
4063,,,,,1,,,,,,,,,
408,,1,,1,,,,,,,1,,,1
413,,1,,1,,,,,,,1,,,1
414,,1,,1,,,,,,,1,,,1
416,,1,,1,,,,,,,1,,,1
4165,,,,,,,,,,,,,,1
420,,1,,1,,,,,,,1,,,1
421,,1,,,,,,,,,1,,,1
422,,1,,1,,,,,,,1,,,1
423,,,,1,,,,,,,1,,,1
4244,,1,,,,,,,,,,,,
4262,1,,1,,1,,1,1,,1,,,1,1
4285,1,,1,,,,1,1,,1,,,1,
43,,1,,1,,,,,,,1,,,1
430,,1,,1,,,,,,,1,,,1
4318,1,,1,,1,,1,1,,1,,,1,
433,,1,,1,,,,,,,1,,,1
4330,1,,1,,1,,1,1,,1,,,1,
437,,1,,1,,,,,,,,,,1
4370,,1,,1,,,,,,,,,,1
4381,1,,1,,1,,1,1,,1,,,1,
4394,1,,1,,,,1,1,,1,,,1,
44,1,,,1,,,,,,,1,,,1
440,,1,,1,,,,,,,1,,,1
447,,1,,1,,,,,,,1,,,1
450,,1,,,,,,,,,1,,,
459,,1,,1,,,,,,,1,,,1
4601,1,,1,,,,1,1,,1,,,1,
461,,1,,1,,,,,,,1,,,1
462,,,,1,,,,,,,1,,,1
463,,1,,1,,,,,,,1,,,1
464,,1,,1,,,,,,,1,,,
467,,1,,1,,,,,,,1,,,1
468,,1,,1,,,,,,,1,,,1
470,,1,,1,,,,,,,1,,,1
472,,1,,,,,,,,,,,,1
473,,1,,1,,,,,,,1,,,1
475,,1,,1,,,,,,,1,,,1
479,,1,,1,,,,,,,1,,,1
483,1,1,1,1,1,,1,1,,1,1,,1,1
486,,,,1,,,,,,,1,,,1
488,,1,,,,,,,,,1,,,1
489,,,,1,,,,,,,1,,,1
49,,,,,1,,,,,1,,,,
494,,1,,1,,,,,,,1,,,
495,,1,,1,,,,,,,1,,,1
5,,,,1,,,,,,,1,,,
500,,1,,1,,,,,,,1,,,1
503,,1,,1,,,,,,,1,,,1
5044,,1,,,,,,,,,,,,
5054,1,,1,,1,,1,1,,1,,,1,
506,1,,,,,,,,,,,,,
5066,1,,1,,1,,1,1,,1,,,1,
5070,1,,1,,1,,1,1,,1,,,1,1
5082,1,,1,,,,1,1,,1,1,,1,
5088,1,,1,,1,,1,1,,1,,,1,
5099,1,,1,,1,,1,1,,1,,,1,
510,1,1,,1,,,,,,,1,,1,1
5104,,,,1,,,,,,,,,,
5105,,1,,,,,,,,,,,,
5129,1,,1,,1,,1,,,1,,,1,
5151,1,,1,,1,,1,1,,1,,,1,
518,,1,,1,,,,,,,1,,,1
52,,1,,1,,,,,,,1,,,1
520,,1,,1,,,,,,,1,,,1
522,,,,,,,,,,,1,,,
5236,1,,1,,1,,1,1,,1,,,1,
528,,1,,1,,,,,,,1,,,
5293,1,,1,,1,,1,1,,1,,,1,
5295,,,,1,,,,,,,1,,,
530,,1,,1,,,,,,,1,,,1
5307,1,,1,,1,,1,1,,1,,,1,
532,,1,,1,,,,,,,1,,,1
5337,1,,1,,1,,1,1,,,,,1,
5342,1,,1,,1,,1,1,,1,,,1,
5343,1,,1,,1,,1,1,,1,,,1,
535,1,,1,,1,,1,1,,1,,,1,
536,,1,,1,,,,,,,1,,,1
5361,1,,1,,1,,1,1,,1,,,1,
5381,,1,,1,,,,,,,1,,,1
5384,,,,1,,,,,,,,,,
539,,1,,,,,,,,,1,,,1
5398,,,,1,,,,,,,1,,,
541,,1,,1,,,,,,,1,,,
543,,1,,1,,,,,,,1,,,1
544,,1,,,,,,,,,,,,
548,,1,,1,,,,,,,1,,,1
549,1,1,1,1,1,,1,1,,1,1,,1,1
552,,1,,1,,,,,,,1,,,1
553,,,,,,,,,,,,,,1
554,,1,,1,,,,,,,1,,,1
555,1,1,1,1,1,,1,1,,1,1,,1,1
56,,1,,1,,,,,,,1,,,1
563,,1,,1,,,,,,,,,,1
564,,1,,,,,,,,,,,,1
568,,1,,1,,,,,,,1,,,1
569,,1,,1,,,,,,,1,,,1
5717,1,,1,,1,,1,1,,1,,,1,
576,1,1,1,1,1,,1,1,,1,1,,1,1
577,,,,1,,,,,,,1,,,1
5772,,,,1,,,,,,,1,,,1
579,,1,,1,,,,,,,1,,,1
58,1,1,1,1,,,1,1,,1,1,,1,1
580,,1,,1,,,,,,,1,,,1
581,,1,,1,,,,,,,1,,,1
582,,1,,1,,,,,,,1,,,1
583,,1,,1,,,,,,,1,,,1
587,,1,,1,,,,,,,1,,,1
589,,1,,1,,,,,,,1,,,1
59,,1,,,,,,,,,1,,,
590,,,1,,,,,1,,,1,,,
593,,1,,1,,,,,,,1,,,1
594,,1,,1,,,,,,,1,,,1
595,,1,,1,,,,,,,1,,,1
598,1,1,1,1,1,,1,1,,,1,,1,1
599,,1,,1,,,,,,,1,,,1
600,,1,,1,,,,,,,1,,,1
604,1,1,1,1,1,,1,1,,1,1,,1,
606,,1,,,,,,,,,1,,,1
608,1,1,1,1,1,,1,1,,1,1,,1,1
609,,1,,1,,,,,,,1,,,1
612,,1,,1,,,,,,,1,,,1
618,,1,,1,,,,,,,1,,,1
620,,1,,1,,,,,,,1,,,1
623,,1,,1,,,,,,,1,,,1
628,,1,,1,,,,,,,1,,,1
630,,1,,1,,,,,,,1,,,1
635,,1,,1,,,,,,,1,,,1
637,,1,,1,,,,,,,1,,,1
638,,1,,1,,,,,,,1,,,1
639,,1,,1,,,,,,,1,,,1
64,,1,,1,,,,,,,1,,,
641,,,,,,,,,,,1,,,1
643,,1,,1,,,,,,,1,,,1
644,,1,,1,,,,,,,1,,,1
649,,1,,1,,,,,,,1,,,1
657,,1,,,,,,,,,1,,,1
662,,,,,,,,,,,1,,,
663,,1,,1,,,,,,,1,,,1
665,,1,,1,,,,,,,1,,,1
666,,1,,1,,,,,,,1,,,1
669,,,,,,,,,,,1,,,1
674,,1,,1,,,,,,,,,,1
675,,1,,1,,,,,,,1,,,1
676,,1,,1,,,,,,,1,,,1
688,,1,,1,,,,,,,1,,,
689,1,1,1,1,1,,1,1,,1,1,,1,1
69,1,1,1,1,1,,1,1,,1,1,,1,1
690,,1,,1,,,,,,,1,,,1
691,1,1,1,,1,,1,1,,1,1,,1,1
693,,1,,1,,,,,,,1,,,1
694,,,,1,,,,,,,1,,,1
695,,1,,1,,,,,,,,,,1
698,1,1,1,1,1,,1,1,,1,1,,1,1
699,,1,,1,,,,,,,1,,,1
7,,1,,1,,,,,,,1,,,1
708,,1,,1,,,,,,,1,,,1
709,,1,,,,,,,,,1,,,1
711,,1,,1,,,,,,,1,,,1
714,,1,,1,,,,,,,1,,,1
715,,1,,1,,,,,,,1,,,1
718,1,1,1,,1,,,,,1,,,1,
72,,1,,1,,,,,,,1,,,1
722,1,,1,,,,,1,,1,,,1,
726,,1,,1,,,,,,,1,,,1
727,,,,1,,,,,,,,,,1
73,,1,,1,,,,,,,1,,,1
730,,1,,1,,,,,,,1,,,1
731,,1,,1,,,,,,,1,,,1
733,,1,,1,,,,,,,1,,,1
734,,1,,1,,,,,,,1,,,1
735,,1,,1,,,,,,,1,,,1
736,,1,,1,,,,,,,1,,,1
738,,1,,1,,,,,,,1,,,1
739,,1,,1,,,,,,,1,,,1
74,,,,,,,,,,,1,,,
740,,1,,1,,,,,,,1,,,1
741,,1,,1,,,,,,,1,,,1
748,,1,,1,,,,,,,1,,,1
749,,1,,1,,,,,,,1,,,
752,,,,1,,,,,,,,,,1
758,,1,,1,,,,,,,1,,,1
76,,1,,1,,,,,,,1,,,1
762,,1,,1,,,,,,,1,,,1
765,,1,,1,,,,,,,1,,,1
767,1,1,1,1,1,,1,1,,1,1,,1,1
768,,,,1,,,,,,,1,,,1
773,,1,,1,,,,,,,,,,
774,1,1,1,1,1,,1,1,,1,1,,1,1
782,,1,,1,,,,,,,1,,,1
787,,1,,1,,,,,,,1,,,1
79,,1,,1,,,,,,,1,,,1
791,,,,,,,,,,,,,,1
793,,1,,1,,,,,,,1,,,1
794,1,,1,,1,,1,1,,1,,,1,
796,,1,,1,,,,,,,1,,,1
797,,1,,1,,,,,,,1,,,1
80,,1,,1,,,,,,,1,,,1
801,,1,,1,,,,,,,1,,,1
805,,1,,1,,,,,,,1,,,1
807,,1,,1,,,,,,,1,,,1
811,,1,,1,,,,,,,1,,,1
813,,1,,1,,,,,,,1,,,1
815,,1,,1,,,,,,,1,,,1
816,,1,,1,,,,,,,1,,,1
819,1,1,1,1,1,,1,1,,1,1,,1,1
82,1,,,,,,,,,,,,,
821,,1,,1,,,,,,,1,,,1
822,,1,,1,,,,,,,1,,,1
823,,1,,1,,,,,,,1,,,1
826,,1,,1,,,,,,,1,,,1
828,1,1,1,1,1,,1,1,,1,1,,1,1
835,1,1,1,1,1,,,1,,1,1,,1,1
846,,1,,1,,,,,,,1,,,1
849,,,,1,,,,,,,1,,,1
85,1,,1,,1,,1,1,,1,,,1,
852,,1,,1,,,,,,,1,,,1
853,,1,,1,,,,,,,1,,,
855,,,,1,,,,,,,,,,1
859,,1,,1,,,,,,,1,,,1
861,,1,,1,,,,,,,1,,,1
862,,1,,1,,,,,,,1,,,1
867,1,1,1,1,1,,1,1,,1,1,,1,1
868,,1,,1,,,,,,,1,,,1
874,,1,,,,,,,,,1,,,1
875,,1,,,,,,,,,1,,,
877,,1,,1,,,,,,,1,,,
878,1,,1,,1,,1,1,,1,,,1,
879,,1,,1,,,,,,,1,,,1
880,,1,,1,,,,,,,,,,1
882,,1,,1,,,,,,,,,,1
891,,1,,1,,,,,,,1,,,1
892,,1,,1,,,,,,,1,,,1
896,,1,,1,,,,,,,1,,,1
899,1,1,1,1,1,,1,1,,1,1,,1,1
902,,1,,1,,,,,,,1,,,1
903,,1,,,,,,,,,1,,,1
904,,1,,1,,,,,,,1,,,1
906,,1,,,,,,,,,1,,,1
911,,1,,1,,,,,,,1,,,1
919,,1,,,,,,,,,1,,,1
923,,1,,1,,,,,,,,,,1
924,,1,,1,,,,,,,,,,1
927,1,,1,,1,,1,1,,1,,,1,
93,,,,1,,,,,,,1,,,1
930,,1,,1,,,,,,,1,,,1
933,,1,,1,,,,,,,1,,,1
938,,1,,1,,,,,,,1,,,1
94,,1,,,,,,,,,1,,,1
940,,,,,,,,,,,1,,,
941,1,,1,1,1,,,1,,1,1,,1,1
942,1,,1,,1,,1,1,,1,,,1,
943,,1,,,,,,,,,1,,,
944,,1,,,,,,,,,1,,,1
945,,1,,1,,,,,,,1,,,1
947,1,,1,,1,,1,1,,1,,,1,
95,,1,,1,,,,,,,1,,,1
953,,1,,1,,,,,,,,,,1
955,1,1,1,,1,,1,1,,1,,,1,1
958,,1,,1,,,,,,,1,,,1
963,,1,,1,,,,,,,1,,,1
964,,1,,1,,,,,,,1,,,1
965,,1,,1,,,,,,,,,,1
966,,1,,1,,,,,,,1,,,1
967,,1,,1,,,,,,,1,,,1
969,1,1,,1,,,1,1,,1,1,,1,1
970,,1,,1,,,,,,,1,,,
972,,1,,1,,,,,,,1,,,1
974,1,1,1,,1,,1,1,,1,,,1,1
975,,1,,1,,,,,,,1,,,1
978,,1,,,,,,,,,1,,,1
98,,1,,1,,,,,,,1,,,1
981,1,,1,,1,,1,1,,1,,,1,
987,1,,1,,1,,1,1,,1,,,1,
994,1,,1,,1,,1,1,,1,,,1,
995,,1,,1,,,,,,,1,,,1
